0,[(u'restriction/NN', 0.00046583280957536834), (u'river restriction', 0.0003843988928866246), (u'restriction information', 0.00037796840081894239), (u'notice environment', 0.00037781722781571163), (u'notice environment agency', 0.00037781707588448036), (u'restriction notice', 0.0003595641813726389), (u'restriction notice environment', 0.00035765012852683636), (u'restriction notice environment agency', 0.00035765002723868916)]
1,[(u'river basin', 0.00052009164038025629), (u'flood risk', 0.00039837285303319278), (u'basin district', 0.00029436337766081691), (u'environment agency', 0.0002675374296941522), (u'river basin district', 0.00025695269631631934), (u'basin management', 0.00023378835267561936), (u'river basin management', 0.00022088726911483059), (u'management plans', 0.00021888306658638074)]
2,[(u'coal mining', 0.0015555173107931679), (u'surface coal', 0.0011905094398637999), (u'coal/NN', 0.0011025779833610594), (u'coal resources', 0.00079953319243839178), (u'shallow coal mine workings', 0.00079842052181068113), (u'coal mine workings', 0.00079779822296631756), (u'shallow coal', 0.00079680031848013231), (u'surface coal resources', 0.00079423010843915245)]
3,[(u'countryside stewardship', 0.0017232027926209238), (u'statement of priorities', 0.0011484013292704766), (u'priorities for funding', 0.0011190120702921768), (u'natural england', 0.00064954785838102142), (u'forestry commission', 0.00058331765409389805), (u'stewardship scheme', 0.00058153299135673753), (u'countryside stewardship scheme', 0.00058153135642168973), (u'copy. further guidance', 0.00058153091819494783)]
